{"cameraMode":{"drawMode":0,"name":"Shaded","section":"Shading Mode"},"sceneLighting":false,"audioPlay":false,"sceneViewState":{"showFog":true,"showMaterialUpdate":false,"showSkybox":true,"showFlares":true,"showImageEffects":true,"showParticleSystems":true},"in2DMode":false,"pivot":{"x":15.89832878112793,"y":-8.135774612426758,"z":0.2752361297607422},"rotation":{"x":0.03164903447031975,"y":0.956895649433136,"z":-0.2651476562023163,"w":0.11421846598386765},"size":48.58612823486328,"orthographic":false}